agent_key,agent_id,agent_name,avg_delivery_time,delay_rate,avg_rating,cluster
1,Blinkit,Blinkit,5.821428571428571,0.4642857142857143,2.993238993710692,3
2,JioMart,JioMart,5.733333333333333,0.4666666666666667,2.985375816993464,3
3,Swiggy Instamart,Swiggy Instamart,6.25,0.5625,3.0183306055646484,1
4,Zepto,Zepto,5.384615384615385,0.4230769230769231,3.014508580343214,2
